gen, fitness, info1, info2, avg
0, 100.0, 0, 0, 8.196000000000002
1, 100.0, 0, 0, 8.683168316831683
